지역,연도,조혼인율,혼인건수,평균초혼연령,사교육비,경력단절여성비율,주택매매가격지수,주택전세가격지수,청년순이동률
강원,2015,5.1,7876.0,29.61,17.1,18.352059925093634,,,-0.4
경기,2015,6.0,73950.0,30.02,26.5,23.65461847389558,,,1.3
경남,2015,5.6,18671.0,29.75,20.4,21.036106750392463,,,-0.2
경북,2015,5.3,14273.0,29.53,19.0,21.535181236673772,,,-1.1
광주,2015,5.4,7945.0,30.09,22.8,22.22222222222222,,,-1.5
국외,2015,,6704.0,26.86,,,,,
대구,2015,5.1,12545.0,30.16,24.4,21.78649237472767,,,-1.0
대전,2015,5.8,8805.0,29.83,25.4,22.635135135135133,,,-1.6
부산,2015,5.3,18553.0,30.52,23.4,19.402985074626866,,,-0.7
서울,2015,6.5,64193.0,30.8,33.8,20.603015075376884,,,-0.9
세종,2015,8.2,1498.0,30.32,19.6,,,,35.8
울산,2015,6.4,7483.0,29.65,21.9,31.70731707317073,,,0.2
인천,2015,5.9,17118.0,29.85,21.3,21.228070175438596,,,0.5
전국,2015,5.9,302828.0,29.96,24.4,21.681832444304987,,,0.0
전남,2015,4.9,9275.0,29.33,16.5,18.666666666666668,,,-0.7
전북,2015,4.9,9060.0,29.4,18.6,18.75,,,-1.4
제주,2015,6.0,3676.0,30.05,20.1,13.793103448275861,,,2.6
충남,2015,6.0,12331.0,29.15,18.0,23.24455205811138,,,0.4
충북,2015,5.6,8872.0,29.48,19.0,19.19191919191919,,,-0.3
강원,2016,4.9,7468.0,29.78,18.4,17.578125,,,-1.2
경기,2016,5.6,70052.0,30.21,27.9,21.653704461727386,,,1.7
경남,2016,5.3,17580.0,29.91,20.9,21.70418006430868,,,-0.7
경북,2016,5.0,13363.0,29.75,19.3,20.0,,,-1.4
광주,2016,5.1,7468.0,30.14,22.8,20.070422535211268,,,-1.1
국외,2016,,5096.0,26.56,,,,,
대구,2016,5.0,12216.0,30.27,26.5,19.101123595505616,,,-0.8
대전,2016,5.5,8325.0,29.95,25.7,21.908127208480565,,,-0.6
부산,2016,4.9,17113.0,30.63,25.6,19.725557461406517,,,-1.0
서울,2016,5.9,57643.0,31.01,35.2,19.885714285714286,,,-0.7
세종,2016,7.1,1612.0,29.98,23.7,,,,17.4
울산,2016,6.0,7006.0,29.74,23.9,27.73109243697479,,,-1.0
인천,2016,5.5,16092.0,30.06,23.2,20.141342756183743,,,0.4
전국,2016,5.5,281635.0,30.11,25.6,20.52047781569966,,,0.0
전남,2016,4.5,8554.0,29.47,16.2,19.39799331103679,,,-1.7
전북,2016,4.4,8216.0,29.65,19.4,15.434083601286176,,,-1.6
제주,2016,5.9,3705.0,30.42,22.6,13.793103448275861,,,2.8
충남,2016,5.7,11792.0,29.27,17.7,22.897196261682243,,,0.6
충북,2016,5.3,8334.0,29.56,19.7,19.93127147766323,,,-0.4
강원,2017,4.7,7295.0,29.93,20.3,16.666666666666664,,,-1.1
경기,2017,5.2,66429.0,30.3,28.7,21.185737976782754,,,1.4
경남,2017,4.8,15978.0,30.04,22.1,20.06472491909385,,,-0.8
경북,2017,4.6,12190.0,29.82,20.6,19.63470319634703,,,-1.6
광주,2017,4.9,7141.0,30.3,24.5,19.202898550724637,,,-1.3
국외,2017,,5115.0,26.89,,,,,
대구,2017,4.6,11392.0,30.4,30.0,19.399538106235568,,,-0.9
대전,2017,5.1,7697.0,29.97,27.6,21.942446043165468,,,-1.1
부산,2017,4.5,15677.0,30.74,27.6,18.491921005385997,,,-1.3
서울,2017,5.5,53776.0,31.2,39.1,20.665083135391924,,,-0.1
세종,2017,6.6,1728.0,30.33,26.2,26.923076923076923,,,17.0
울산,2017,5.4,6331.0,29.93,23.6,26.495726495726498,,,-1.8
인천,2017,5.2,15235.0,30.19,25.1,18.72727272727273,,,0.0
전국,2017,5.2,264455.0,30.24,27.2,19.991265421989297,,,0.0
전남,2017,4.3,8049.0,29.79,15.8,19.112627986348123,,,-1.6
전북,2017,4.2,7817.0,29.72,20.3,15.857605177993527,,,-1.9
제주,2017,5.7,3654.0,30.45,22.4,8.695652173913043,,,2.8
충남,2017,5.2,10961.0,29.59,18.8,20.526315789473685,,,0.9
충북,2017,5.0,7990.0,29.67,19.0,17.6056338028169,,,-0.5
강원,2018,4.6,6994.0,30.15,20.5,19.02834008097166,,,-2.1
경기,2018,5.2,66877.0,30.52,32.1,22.516556291390728,,,1.9
경남,2018,4.5,14996.0,30.2,22.6,19.798657718120804,,,-1.3
경북,2018,4.4,11687.0,30.13,21.4,19.35483870967742,,,-2.0
광주,2018,4.6,6632.0,30.4,26.2,20.146520146520146,,,-0.9
국외,2018,,5283.0,27.11,,,,,
대구,2018,4.5,10967.0,30.51,30.3,20.785219399538107,,,-1.0
대전,2018,5.0,7377.0,30.27,27.0,19.78021978021978,,,-1.2
부산,2018,4.3,14781.0,30.91,27.6,20.727272727272727,,,-1.4
서울,2018,5.4,52005.0,31.32,41.1,19.816513761467892,,,0.0
세종,2018,6.9,2038.0,30.35,28.8,26.229508196721312,,,14.4
울산,2018,5.1,5894.0,30.13,26.5,25.11415525114155,,,-2.1
인천,2018,5.1,14850.0,30.39,27.7,19.056603773584907,,,0.2
전국,2018,5.0,257622.0,30.4,29.1,20.51082731815658,,,0.0
전남,2018,4.0,7587.0,29.96,19.0,18.75,,,-2.2
전북,2018,3.9,7219.0,30.04,20.9,16.216216216216218,,,-2.7
제주,2018,5.5,3638.0,30.79,23.2,11.403508771929824,,,1.8
충남,2018,5.2,10970.0,29.7,18.7,20.435967302452315,,,0.1
충북,2018,4.9,7827.0,29.65,24.4,20.87912087912088,,,-0.2
강원,2019,4.4,6762.0,30.34,22.0,17.355371900826448,,,-1.2
경기,2019,4.8,62356.0,30.74,35.8,21.31416837782341,,,1.7
경남,2019,4.1,13613.0,30.47,24.8,16.580310880829018,,,-1.6
경북,2019,4.0,10637.0,30.41,22.5,17.330210772833723,,,-1.8
광주,2019,4.3,6297.0,30.65,27.6,20.149253731343283,,,-0.7
국외,2019,,5248.0,27.15,,,,,
대구,2019,4.1,9880.0,30.62,32.9,20.705882352941178,,,-1.9
대전,2019,4.5,6602.0,30.45,31.1,18.773946360153257,,,-1.4
부산,2019,4.1,13780.0,31.04,31.6,18.421052631578945,,,-1.3
서울,2019,5.0,48261.0,31.55,45.1,19.005102040816325,,,0.7
세종,2019,6.2,2039.0,30.8,34.1,24.637681159420293,,,10.1
울산,2019,4.7,5442.0,30.25,27.4,22.274881516587676,,,-1.9
인천,2019,4.6,13401.0,30.59,31.3,18.846153846153847,,,0.0
전국,2019,4.7,239159.0,30.59,32.1,19.210764360018093,,,0.0
전남,2019,4.0,7413.0,30.07,18.1,18.63799283154122,,,-2.3
전북,2019,3.9,7005.0,30.34,23.9,13.636363636363635,,,-2.8
제주,2019,5.1,3358.0,30.99,25.8,11.304347826086957,,,0.2
충남,2019,4.7,9826.0,29.91,23.7,18.904109589041095,,,-0.8
충북,2019,4.6,7239.0,29.98,24.3,17.358490566037734,,,-0.6
강원,2020,3.8,5868.0,30.39,22.6,16.30901287553648,,,-1.0
경기,2020,4.4,57814.0,30.83,31.6,18.629908103592314,,,2.2
경남,2020,3.6,11900.0,30.52,24.1,16.577540106951872,,,-2.4
경북,2020,3.4,9046.0,30.38,20.7,17.067307692307693,,,-3.3
광주,2020,3.8,5560.0,30.68,29.9,18.992248062015506,,,-0.8
국외,2020,,3385.0,28.07,,,,,
대구,2020,3.5,8340.0,30.67,29.0,22.22222222222222,,,-1.3
대전,2020,4.1,5976.0,30.61,30.2,15.873015873015872,,,-0.7
부산,2020,3.6,12128.0,31.08,28.3,17.892644135188867,,,-0.7
서울,2020,4.7,44746.0,31.6,45.3,15.430861723446892,,,0.6
세종,2020,5.3,1854.0,30.78,30.7,21.12676056338028,,,5.3
울산,2020,4.2,4737.0,30.33,25.4,20.975609756097562,,,-2.4
인천,2020,4.0,11574.0,30.7,30.1,17.554240631163708,,,-0.8
전국,2020,4.2,213502.0,30.78,30.2,17.556539986010726,,,0.0
전남,2020,3.4,6365.0,30.24,19.1,16.60377358490566,,,-3.1
전북,2020,3.4,6053.0,30.49,22.6,14.963503649635038,,,-2.4
제주,2020,4.5,2981.0,30.92,27.3,12.389380530973451,,,0.2
충남,2020,4.0,8493.0,29.95,19.5,17.582417582417584,,,-1.0
충북,2020,4.2,6682.0,30.15,22.5,18.39080459770115,,,-0.7
강원,2021,3.7,5622.0,30.55,26.6,15.625,98.05714285714285,99.5,-0.9
경기,2021,4.1,54658.0,31.07,39.3,19.230769230769234,109.34285714285714,110.84285714285714,2.0
경남,2021,3.2,10531.0,30.89,27.6,15.625,105.94285714285715,104.41428571428571,-2.4
경북,2021,3.1,8163.0,30.68,27.9,17.45635910224439,101.2,102.67142857142858,-1.4
광주,2021,3.4,4901.0,31.04,32.0,18.218623481781375,106.75714285714285,106.82857142857142,-0.6
국외,2021,,3163.0,29.63,,,,,
대구,2021,3.1,7287.0,31.03,40.0,19.84536082474227,123.24285714285715,128.84285714285713,-1.9
대전,2021,3.7,5419.0,30.63,36.4,16.260162601626014,111.27142857142857,112.37142857142858,-0.2
부산,2021,3.3,11081.0,31.3,36.9,16.049382716049383,113.12857142857142,112.45714285714287,-0.8
서울,2021,3.9,37012.0,31.91,52.9,16.713286713286713,101.34285714285714,107.8,-0.1
세종,2021,4.5,1627.0,31.1,36.9,22.22222222222222,132.55714285714285,131.94285714285715,6.0
울산,2021,3.6,4077.0,30.59,30.0,18.781725888324875,109.12857142857142,110.02857142857144,-2.4
인천,2021,3.7,10881.0,30.95,34.4,15.400410677618071,110.61428571428571,111.84285714285714,0.6
전국,2021,3.8,192507.0,31.08,36.7,17.39757299050823,106.67142857142858,108.62857142857142,0.0
전남,2021,3.4,6201.0,30.42,23.3,15.139442231075698,102.48571428571428,103.48571428571428,-2.7
전북,2021,3.0,5325.0,30.62,27.4,12.878787878787879,100.24285714285715,101.41428571428571,-2.0
제주,2021,4.0,2661.0,31.08,29.6,12.727272727272727,102.82857142857142,102.52857142857144,0.0
충남,2021,3.8,8016.0,30.18,26.0,18.64406779661017,103.25714285714285,105.25714285714285,-0.4
충북,2021,3.7,5882.0,30.36,28.4,17.898832684824903,100.5,100.55714285714285,-0.6
강원,2022,3.6,5572.0,30.83,29.6,15.068493150684931,100.44166666666666,100.79166666666667,-0.4
경기,2022,4.0,54178.0,31.33,44.6,18.26012058570198,111.075,111.22500000000001,0.7
경남,2022,3.2,10504.0,30.94,31.1,17.992424242424242,108.325,106.74166666666666,-2.7
경북,2022,3.1,8180.0,30.8,29.4,15.567282321899736,102.80833333333334,104.20833333333333,-2.2
광주,2022,3.4,4902.0,31.1,35.6,18.218623481781375,109.59166666666665,108.26666666666667,-1.1
국외,2022,,3804.0,28.74,,,,,
대구,2022,3.2,7497.0,31.22,43.7,18.852459016393443,119.60000000000001,124.14166666666667,-1.2
대전,2022,3.9,5662.0,30.89,38.9,19.665271966527197,111.26666666666667,111.06666666666666,0.1
부산,2022,3.2,10618.0,31.67,39.5,16.842105263157894,114.64166666666667,113.14166666666667,-0.7
서울,2022,3.8,35752.0,32.15,59.6,16.08187134502924,102.14999999999999,107.875,1.1
세종,2022,4.4,1664.0,31.41,41.8,24.0,123.16666666666667,120.64999999999999,4.3
울산,2022,3.6,4013.0,30.79,36.7,20.0,109.89999999999999,112.2,-1.9
인천,2022,3.7,10849.0,31.29,38.6,16.804979253112034,112.22500000000001,111.22500000000001,1.4
전국,2022,3.7,191690.0,31.26,41.0,17.24052819943231,108.00833333333333,109.10000000000001,0.0
전남,2022,3.4,6181.0,30.81,26.1,14.285714285714285,103.625,103.925,-1.9
전북,2022,3.0,5394.0,30.88,29.6,12.213740458015266,103.20833333333333,103.26666666666667,-2.1
제주,2022,4.0,2718.0,31.76,31.4,10.0,105.00833333333333,104.52499999999999,-0.1
충남,2022,3.8,8017.0,30.57,29.2,19.825072886297377,105.18333333333334,106.56666666666666,0.2
충북,2022,3.9,6185.0,30.56,31.8,17.786561264822133,103.09166666666665,103.20833333333333,-0.1
강원,2023,3.6,5494.0,31.08,32.4,14.746543778801843,99.00833333333333,98.91666666666667,-1.1
경기,2023,4.0,54221.0,31.59,46.9,19.399739016963895,99.43333333333334,95.96666666666665,0.6
경남,2023,3.1,10232.0,31.26,32.4,16.380952380952383,101.91666666666667,101.08333333333333,-2.2
경북,2023,3.2,8128.0,31.06,31.5,16.577540106951872,100.25833333333333,101.2,-1.9
광주,2023,3.6,5169.0,31.26,39.6,14.893617021276595,102.05,100.3,-1.7
국외,2023,,4094.0,28.38,,,,,
대구,2023,3.4,8150.0,31.43,45.9,18.852459016393443,106.19166666666666,105.875,-1.1
대전,2023,3.6,5212.0,31.19,41.0,17.857142857142858,101.21666666666665,99.64999999999999,0.1
부산,2023,3.1,10303.0,31.95,43.4,18.340611353711793,104.325,101.30833333333334,-0.8
서울,2023,3.9,36324.0,32.42,62.8,13.60544217687075,95.81666666666666,95.88333333333333,1.0
세종,2023,4.4,1705.0,31.76,46.5,20.77922077922078,105.69166666666666,101.625,1.4
울산,2023,3.9,4274.0,31.07,36.8,21.808510638297875,100.58333333333333,99.58333333333333,-1.3
인천,2023,3.9,11621.0,31.57,42.4,16.666666666666664,100.56666666666666,96.28333333333335,1.6
전국,2023,3.8,193657.0,31.45,43.4,16.983507490872466,100.09166666666665,98.55,0.0
전남,2023,3.4,6157.0,30.83,27.9,13.135593220338984,100.61666666666667,100.69166666666666,-1.6
전북,2023,3.1,5483.0,31.0,30.2,10.67193675889328,100.04166666666667,99.68333333333334,-1.9
제주,2023,3.9,2614.0,31.72,34.5,10.81081081081081,102.675,102.33333333333333,-1.2
충남,2023,3.9,8264.0,30.94,30.8,18.04733727810651,101.13333333333333,101.10000000000001,0.6
충북,2023,3.9,6212.0,30.81,32.1,19.047619047619047,99.5,99.05833333333334,0.0
강원,2024,4.0,6143.0,31.23,33.9,14.691943127962084,99.76666666666667,99.64166666666667,-1.5
경기,2024,4.6,62629.0,31.68,51.3,16.591726618705035,99.51666666666667,98.64166666666667,0.9
경남,2024,3.5,11429.0,31.38,37.6,16.363636363636363,100.69166666666666,100.08333333333333,-1.8
경북,2024,3.6,9067.0,31.18,35.6,16.75977653631285,100.51666666666667,100.34166666666665,-1.8
광주,2024,4.0,5688.0,31.5,41.3,14.666666666666666,100.925,99.68333333333334,-1.6
국외,2024,,4279.0,28.57,,,,,
대구,2024,3.9,9289.0,31.54,47.8,18.911174785100286,102.94166666666666,101.99166666666667,-1.0
대전,2024,5.6,7986.0,31.19,45.7,16.216216216216218,100.875,100.93333333333334,0.1
부산,2024,3.5,11499.0,32.04,48.3,16.136363636363637,101.39166666666667,99.575,-1.0
서울,2024,4.6,42471.0,32.44,67.3,13.496448303078138,97.38333333333333,98.26666666666667,0.5
세종,2024,4.8,1842.0,31.79,47.8,19.480519480519483,102.85833333333333,101.04166666666667,1.7
울산,2024,4.3,4726.0,31.39,39.9,18.88888888888889,99.95833333333333,98.88333333333333,-0.6
인천,2024,4.4,13223.0,31.67,45.9,17.763157894736842,100.28333333333335,98.24166666666667,1.4
전국,2024,4.4,222412.0,31.55,47.4,15.874052782858636,99.85000000000001,99.34166666666665,0.0
전남,2024,3.9,7049.0,30.81,32.0,12.82051282051282,100.16666666666667,100.18333333333334,-1.9
전북,2024,3.7,6388.0,31.16,34.4,10.330578512396695,99.85000000000001,100.0,-2.1
제주,2024,4.1,2744.0,31.81,38.4,9.433962264150944,101.15833333333335,101.20833333333333,-1.5
충남,2024,4.3,9176.0,30.84,35.9,18.34862385321101,100.45833333333333,100.3,0.6
충북,2024,4.3,6784.0,31.0,35.2,17.768595041322314,100.05,99.75833333333333,-0.4
강원,2025,4.2,6292.0,31.32,33.3,,99.88333333333333,99.7,-1.3
경기,2025,5.0,68088.0,31.73,49.9,,100.3,100.30833333333334,0.5
경남,2025,3.7,11970.0,31.59,35.3,,99.79166666666667,99.94166666666666,-1.5
경북,2025,3.6,9160.0,31.24,32.9,,99.73333333333333,99.93333333333334,-2.3
광주,2025,4.3,5983.0,31.7,37.2,,99.35833333333333,99.95833333333333,-2.2
국외,2025,,4217.0,28.47,,,,,
대구,2025,4.0,9416.0,31.61,44.7,,99.125,99.72500000000001,-0.8
대전,2025,6.1,8735.0,31.24,44.3,,99.43333333333334,99.35833333333333,0.8
부산,2025,4.0,12802.0,31.99,45.6,,99.69166666666666,100.35833333333333,-0.9
서울,2025,5.3,49374.0,32.4,66.3,,102.175,100.81666666666666,0.8
세종,2025,5.1,2003.0,32.01,45.8,,101.60833333333333,101.52499999999999,1.0
울산,2025,4.7,5168.0,31.19,39.8,,100.27499999999999,100.71666666666665,-0.6
인천,2025,4.6,13991.0,31.82,43.8,,99.85000000000001,99.93333333333334,1.6
전국,2025,4.7,240326.0,31.62,45.8,,100.31666666666666,100.19166666666666,0.0
전남,2025,4.1,7307.0,31.0,30.9,,99.625,99.76666666666667,-1.4
전북,2025,3.7,6348.0,31.27,33.2,,100.28333333333335,99.95833333333333,-1.7
제주,2025,4.2,2783.0,31.67,36.9,,99.52499999999999,99.47500000000001,-1.8
충남,2025,4.4,9379.0,31.07,34.5,,99.75833333333333,99.72500000000001,0.0
충북,2025,4.6,7310.0,30.99,33.9,,100.18333333333334,100.06666666666666,0.7
